{"stats":{"minecraft:custom":{"minecraft:time_since_rest":505,"minecraft:play_time":11032,"minecraft:sprint_one_cm":23438,"minecraft:walk_one_cm":4952,"minecraft:damage_taken":8990,"minecraft:deaths":6,"minecraft:walk_under_water_one_cm":67,"minecraft:boat_one_cm":7095,"minecraft:jump":208,"minecraft:time_since_death":0,"minecraft:walk_on_water_one_cm":1055,"minecraft:total_world_time":11032,"minecraft:swim_one_cm":209,"minecraft:interact_with_crafting_table":1,"minecraft:fall_one_cm":88133,"minecraft:fly_one_cm":45968},"minecraft:mined":{"minecraft:spruce_log":9},"minecraft:picked_up":{"minecraft:spruce_boat":1,"minecraft:spruce_planks":19,"minecraft:spruce_log":7},"minecraft:used":{"minecraft:spruce_boat":1,"minecraft:crafting_table":1},"minecraft:crafted":{"minecraft:spruce_boat":1,"minecraft:crafting_table":1,"minecraft:spruce_planks":28}},"DataVersion":4082}