{"stats":{"minecraft:picked_up":{"minecraft:lilac":4,"minecraft:spruce_boat":3,"minecraft:spruce_planks":38,"minecraft:spruce_log":7,"minecraft:oak_sapling":1,"minecraft:dirt":4},"minecraft:custom":{"minecraft:time_since_rest":9899,"minecraft:open_chest":2,"minecraft:crouch_one_cm":197,"minecraft:sprint_one_cm":45346,"minecraft:play_time":30915,"minecraft:damage_taken":16574,"minecraft:deaths":9,"minecraft:walk_one_cm":26972,"minecraft:sneak_time":148,"minecraft:walk_under_water_one_cm":724,"minecraft:boat_one_cm":7095,"minecraft:jump":325,"minecraft:leave_game":2,"minecraft:walk_on_water_one_cm":3070,"minecraft:time_since_death":17397,"minecraft:sleep_in_bed":1,"minecraft:total_world_time":30915,"minecraft:talked_to_villager":1,"minecraft:swim_one_cm":512,"minecraft:interact_with_crafting_table":1,"minecraft:fall_one_cm":168655,"minecraft:fly_one_cm":65979},"minecraft:used":{"minecraft:lilac":4,"minecraft:spruce_boat":1,"minecraft:dirt":4,"minecraft:crafting_table":1,"minecraft:oak_sapling":1},"minecraft:mined":{"minecraft:dirt":1,"minecraft:fire":8,"minecraft:spruce_log":9},"minecraft:crafted":{"minecraft:spruce_boat":1,"minecraft:crafting_table":1,"minecraft:spruce_planks":28}},"DataVersion":4082}