{"stats":{"minecraft:picked_up":{"minecraft:dirt":4},"minecraft:used":{"minecraft:dirt":1},"minecraft:custom":{"minecraft:jump":123,"minecraft:time_since_rest":4808,"minecraft:leave_game":1,"minecraft:crouch_one_cm":378,"minecraft:sprint_one_cm":8586,"minecraft:play_time":4808,"minecraft:damage_taken":60,"minecraft:time_since_death":4808,"minecraft:walk_one_cm":5136,"minecraft:sneak_time":99,"minecraft:total_world_time":4808,"minecraft:drop":2,"minecraft:fall_one_cm":4260,"minecraft:fly_one_cm":32046},"minecraft:dropped":{"minecraft:dirt":3},"minecraft:mined":{"minecraft:ice":1,"minecraft:grass_block":3,"minecraft:dirt_path":3}},"DataVersion":4082}